{"cameraMode":{"drawMode":0,"name":"Shaded","section":"Shading Mode"},"sceneLighting":true,"audioPlay":false,"sceneViewState":{"m_AlwaysRefresh":false,"showFog":true,"showSkybox":true,"showFlares":true,"showImageEffects":true,"showParticleSystems":true,"showVisualEffectGraphs":true,"m_FxEnabled":true},"in2DMode":false,"pivot":{"x":1.9705889225006104,"y":2.030944347381592,"z":-0.19475190341472627},"rotation":{"x":-0.09914268553256989,"y":-0.009853321127593518,"z":0.0009822527645155788,"w":-0.9950307011604309},"size":7.514708042144775,"orthographic":false}